src_ip,dst_ip,src_port,dst_port,protocol,duration_sec,packet_count,total_bytes,src_bytes,dst_bytes,avg_pkt_size,packets_per_sec,flags_count,ttl,payload_entropy,label,attack_type
10.88.61.97,10.219.142.143,18341,3306,TCP,0.184423,12,5773,1263,4510,481.08,65.07,3,255,0.232,normal,
172.16.205.209,192.168.18.117,6795,443,ICMP,1.471412,7,6924,1106,5818,989.14,4.76,3,255,2.885,normal,
192.168.72.32,10.2.201.138,36906,21,TCP,0.264826,10,7289,2024,5265,728.9,37.76,5,128,2.638,normal,
10.128.100.163,192.168.140.33,41985,443,TCP,0.2543,7,1663,557,1106,237.57,27.53,1,255,-2.332,normal,
10.110.220.116,10.211.173.212,30744,443,TCP,0.870574,9,1549,431,1118,172.11,10.34,2,255,3.663,normal,
10.243.19.225,192.168.60.24,32628,60136,TCP,0.256,10,3628,294,3334,362.8,39.06,0,255,2.601,normal,
192.168.120.26,172.16.35.231,13705,8080,TCP,0.161429,14,4059,1934,2125,289.93,86.73,2,255,3.065,normal,
172.16.33.85,10.197.145.65,48454,64227,UDP,0.448674,16,6167,2129,4038,385.44,35.66,2,64,2.741,normal,
172.16.36.176,10.135.101.109,8545,22,UDP,0.222231,15,6749,4743,2006,449.93,67.5,1,64,1.473,normal,
172.16.45.48,10.234.11.11,17237,8080,TCP,117.39737,767,276887,18168,258719,361.0,6.53,43,128,3.447,attack,malware
10.78.81.203,192.168.216.153,5187,26240,TCP,0.057084,9,4104,1671,2433,456.0,157.66,4,64,3.116,normal,
172.16.119.139,10.28.71.129,19981,61080,TCP,0.252066,16,9717,4239,5478,607.31,63.48,4,255,1.498,normal,
172.16.34.98,192.168.112.174,46976,53,UDP,1.771983,274,48498,19634,28864,177.0,154.63,9,64,7.813,attack,portscan
172.16.191.111,10.125.210.145,45706,22,TCP,0.446159,9,6744,181,6563,749.33,20.17,3,255,1.855,normal,
192.168.3.165,192.168.32.194,49910,443,TCP,0.248717,13,3075,1283,1792,236.54,52.27,4,64,2.915,normal,
10.39.143.55,10.95.80.93,40478,21,TCP,0.655128,12,8600,5885,2715,716.67,18.32,2,255,1.919,normal,
192.168.199.122,172.16.74.136,58058,446,TCP,2.007561,171,29925,22187,7738,175.0,85.18,2,64,8.0,attack,portscan
172.16.186.231,10.183.107.175,17377,7760,UDP,0.398395,13,7480,5220,2260,575.38,32.63,3,255,1.274,normal,
172.16.111.120,172.16.203.150,7729,8080,TCP,0.007243,14,8937,2051,6886,638.36,1932.92,4,255,2.374,normal,
10.117.103.214,10.182.79.200,8015,123,TCP,1.898062,36,6696,3508,3188,186.0,18.97,5,255,6.319,attack,sql_injection
192.168.39.176,192.168.159.157,4482,80,TCP,11.801033,4699,751840,655747,96093,160.0,398.19,52,128,3.248,attack,dos
172.16.148.43,10.155.133.16,42265,174,TCP,2.138234,159,31641,13088,18553,199.0,74.36,16,64,4.912,attack,portscan
192.168.125.166,172.16.255.106,58877,443,TCP,0.282834,23,5389,1600,3789,234.3,81.32,1,128,0.614,normal,
172.16.6.134,10.12.195.38,4501,3306,TCP,0.061852,13,4662,3030,1632,358.62,210.18,1,128,2.638,normal,
10.78.255.239,192.168.149.131,47253,18943,ICMP,0.811904,10,4540,1801,2739,454.0,12.32,1,128,4.504,normal,
10.46.58.181,172.16.185.22,35352,394,TCP,80.67287,377,160979,85352,75627,427.0,4.67,2,64,8.0,attack,bruteforce
192.168.99.134,172.16.92.81,36912,443,TCP,559.71901,250,144250,37843,106407,577.0,0.45,15,128,5.839,attack,bruteforce
192.168.243.15,192.168.4.180,12255,53,TCP,0.680496,11,6713,1771,4942,610.27,16.16,2,255,1.67,normal,
10.32.243.115,172.16.55.116,34043,80,TCP,0.083556,14,7568,823,6745,540.57,167.55,5,255,2.247,normal,
172.16.169.61,10.6.45.233,8261,55761,TCP,0.168231,12,4967,2530,2437,413.92,71.33,0,255,3.77,normal,
192.168.59.2,172.16.22.176,56606,8080,TCP,173.622531,144,20880,10697,10183,145.0,0.83,22,128,5.997,attack,bruteforce
192.168.160.110,192.168.59.25,56811,80,UDP,0.49353,13,7475,332,7143,575.0,26.34,5,255,0.595,normal,
172.16.182.40,10.135.187.228,39176,3306,TCP,14.60026,3775,698375,681170,17205,185.0,258.56,19,128,6.761,attack,dos
192.168.106.177,192.168.250.82,32468,3306,TCP,0.505701,14,8067,1837,6230,576.21,27.68,4,255,3.932,normal,
172.16.3.195,10.216.174.72,11213,8080,TCP,0.304467,14,14166,6544,7622,1011.86,45.98,3,64,2.564,normal,
172.16.101.156,10.134.103.92,47124,80,TCP,0.232746,13,2556,216,2340,196.62,55.85,1,255,2.663,normal,
192.168.140.126,10.143.203.57,50187,132,TCP,3.924183,254,45212,18820,26392,178.0,64.73,12,128,3.718,attack,portscan
172.16.224.21,192.168.20.228,29337,3306,TCP,0.074988,14,9704,3121,6583,693.14,186.7,1,255,0.725,normal,
10.123.98.159,192.168.129.209,24252,443,TCP,0.190591,10,6355,2374,3981,635.5,52.47,3,128,3.833,normal,
192.168.149.179,10.251.52.224,1827,38645,TCP,1.003122,14,8402,517,7885,600.14,13.96,1,64,4.429,normal,
10.247.183.11,10.249.118.17,18348,21,TCP,0.001,13,7219,3073,4146,555.31,13000.0,2,128,0.707,normal,
192.168.134.150,172.16.190.28,45250,2664,UDP,0.537619,8,4687,1060,3627,585.88,14.88,4,128,2.201,normal,
192.168.206.217,10.150.31.95,60076,80,TCP,486.286493,1730,704110,187165,516945,407.0,3.56,10,64,8.0,attack,bruteforce
172.16.212.180,192.168.241.194,36250,21,TCP,0.298682,14,4751,894,3857,339.36,46.87,5,255,2.152,normal,
172.16.116.58,10.98.204.85,19282,3306,TCP,0.970675,12,6477,902,5575,539.75,12.36,4,128,2.189,normal,
192.168.74.99,10.69.35.71,51662,8080,UDP,0.301141,7,375,66,309,53.57,23.24,4,128,-0.767,normal,
192.168.57.7,192.168.140.63,15652,49289,TCP,0.234634,12,6669,3153,3516,555.75,51.14,3,64,2.814,normal,
192.168.134.249,192.168.91.130,60833,3306,TCP,1.132121,9,3794,1118,2676,421.56,7.95,4,255,2.518,normal,
192.168.89.251,172.16.181.84,45142,523,UDP,136.836803,830,554440,206204,348236,668.0,6.07,21,64,5.111,attack,bruteforce
192.168.244.129,192.168.80.15,63989,22,TCP,0.518484,10,4751,2274,2477,475.1,19.29,0,255,-0.272,normal,
10.223.251.249,10.240.178.105,22867,22,TCP,0.636548,12,2082,1115,967,173.5,18.85,5,128,4.244,normal,
172.16.165.240,10.3.133.99,16459,8080,TCP,0.364987,8,5234,2102,3132,654.25,21.92,5,255,1.959,normal,
192.168.214.248,10.102.70.224,17408,8080,TCP,0.549603,7,5051,554,4497,721.57,12.74,0,255,1.024,normal,
10.234.61.179,192.168.235.81,46192,21,TCP,2.874258,8,6128,1720,4408,766.0,2.78,4,64,8.0,attack,sql_injection
10.214.8.62,10.34.51.153,3224,80,TCP,0.747189,19,13864,632,13232,729.68,25.43,0,128,3.782,normal,
10.174.6.218,172.16.250.28,29435,63990,TCP,0.094564,8,3151,868,2283,393.88,84.6,3,64,1.713,normal,
10.95.255.133,172.16.60.68,51812,21,ICMP,0.553555,11,2786,465,2321,253.27,19.87,2,255,2.808,normal,
10.206.173.205,10.127.98.49,36170,22,TCP,1.090566,14,7633,2759,4874,545.21,12.84,1,64,0.928,normal,
10.168.117.98,192.168.125.128,37110,8080,TCP,0.239341,22,15842,3049,12793,720.09,91.92,3,255,3.064,normal,
10.144.152.215,192.168.250.222,10762,8080,TCP,0.00659,13,4422,456,3966,340.15,1972.54,4,128,2.089,normal,
172.16.85.54,192.168.176.14,43115,443,TCP,5.73736,4301,610742,514775,95967,142.0,749.65,70,64,6.141,attack,dos
192.168.5.42,172.16.177.134,34920,3306,TCP,2.499478,10,5495,2889,2606,549.5,4.0,1,255,3.511,normal,
192.168.36.121,10.61.195.136,20577,22,TCP,0.993876,15,9368,895,8473,624.53,15.09,1,128,2.433,normal,
192.168.194.84,172.16.31.24,15285,909,UDP,118.580287,1352,54080,35381,18699,40.0,11.4,22,64,7.404,attack,bruteforce
172.16.164.223,10.122.196.60,57123,8080,TCP,0.693068,8,3947,443,3504,493.38,11.54,5,128,-1.989,normal,
192.168.164.120,172.16.226.173,15029,22,TCP,0.297507,9,6584,3079,3505,731.56,30.25,2,255,1.987,normal,
172.16.120.251,192.168.141.208,5087,53,UDP,0.912651,25,4550,3979,571,182.0,27.39,8,64,5.104,attack,portscan
10.32.212.105,172.16.238.107,5104,53,UDP,1.83248,11,6756,3921,2835,614.18,6.0,4,255,4.747,normal,
172.16.250.43,10.15.112.75,3166,3306,TCP,0.259683,16,3069,731,2338,191.81,61.61,3,255,2.416,normal,
192.168.145.243,10.110.229.156,31918,21,TCP,0.604892,11,5172,1141,4031,470.18,18.19,4,64,3.836,normal,
172.16.214.251,192.168.127.71,27098,3306,TCP,0.306179,8,3517,1884,1633,439.62,26.13,1,64,1.86,normal,
192.168.114.251,192.168.173.133,35306,443,TCP,0.808347,10,2739,986,1753,273.9,12.37,5,64,3.114,normal,
10.205.190.176,192.168.43.150,39435,443,TCP,1.025579,8,5939,1758,4181,742.38,7.8,0,64,1.04,normal,
10.162.113.164,192.168.53.240,33541,443,TCP,0.679109,13,6018,709,5309,462.92,19.14,2,64,5.546,normal,
172.16.152.176,10.246.32.87,19143,3306,TCP,0.434883,10,7090,806,6284,709.0,22.99,5,255,1.69,normal,
192.168.166.220,172.16.234.235,58267,46926,TCP,0.813642,16,5765,4028,1737,360.31,19.66,3,64,1.09,normal,
10.188.102.75,192.168.155.190,41834,25159,ICMP,1.807409,8,2352,286,2066,294.0,4.43,1,255,0.277,normal,
10.84.157.153,192.168.147.113,9173,53,UDP,0.349301,10,5471,1988,3483,547.1,28.63,4,255,2.853,normal,
10.67.94.7,192.168.136.156,38185,21,TCP,2.600605,3,2505,350,2155,835.0,1.15,7,64,6.24,attack,sql_injection
192.168.152.85,10.25.55.107,12705,292,TCP,0.492759,40,50880,25117,25763,1272.0,81.18,2,128,8.0,attack,sql_injection
192.168.28.213,10.78.155.43,11638,21,TCP,0.864338,7,3738,736,3002,534.0,8.1,4,128,2.016,normal,
10.168.194.245,172.16.249.224,36480,21,TCP,0.52885,8,5302,824,4478,662.75,15.13,2,64,3.739,normal,
172.16.163.70,10.145.125.44,5692,8080,TCP,14.718705,915,66795,47337,19458,73.0,62.17,96,64,6.096,attack,dos
172.16.135.157,172.16.98.246,17179,21,UDP,0.918493,13,2620,352,2268,201.54,14.15,2,128,3.13,normal,
10.150.49.121,10.132.93.243,45569,443,TCP,0.910558,11,7378,970,6408,670.73,12.08,1,255,2.227,normal,
192.168.186.188,10.46.151.84,50010,22,TCP,0.01584,9,4490,499,3991,498.89,568.19,2,255,0.945,normal,
172.16.139.50,10.169.83.188,31099,22,TCP,0.665265,12,2722,1049,1673,226.83,18.04,2,128,1.442,normal,
10.230.171.67,172.16.184.144,37559,8080,TCP,1.57497,9,7371,3933,3438,819.0,5.71,9,64,6.831,attack,sql_injection
10.123.190.126,192.168.228.46,63972,32126,TCP,0.593134,8,3024,1660,1364,378.0,13.49,1,128,0.955,normal,
192.168.227.208,10.47.169.32,3822,22,UDP,0.183201,9,6691,1188,5503,743.44,49.13,3,255,-0.561,normal,
10.38.9.218,192.168.15.209,39158,51434,TCP,0.173612,11,3887,1034,2853,353.36,63.36,0,255,1.827,normal,
10.143.15.87,172.16.84.147,40718,443,UDP,2.750324,3025,363000,331401,31599,120.0,1099.87,44,128,8.0,attack,dos
10.20.78.238,172.16.26.199,62128,3306,TCP,1.466437,10,5146,1441,3705,514.6,6.82,4,255,2.542,normal,
172.16.234.37,172.16.92.200,6320,22,TCP,0.312753,15,7724,1569,6155,514.93,47.96,0,64,1.691,normal,
172.16.97.146,10.178.165.188,31720,852,UDP,0.857736,293,23733,10310,13423,81.0,341.6,5,128,3.544,attack,portscan
192.168.242.184,192.168.186.184,30681,21,TCP,0.158475,8,2229,725,1504,278.62,50.48,2,255,2.344,normal,
192.168.80.19,172.16.176.253,39531,53,TCP,0.075037,11,1914,488,1426,174.0,146.59,3,128,2.709,normal,
192.168.248.32,10.122.81.80,37123,443,TCP,0.912859,7,3578,1791,1787,511.14,7.67,0,128,1.8,normal,
172.16.123.145,192.168.109.97,51205,3306,TCP,1.474036,30,30480,17675,12805,1016.0,20.35,0,255,8.0,attack,sql_injection
192.168.117.151,10.3.36.182,42383,80,UDP,0.901822,9,4679,887,3792,519.89,9.98,0,255,1.452,normal,
10.80.225.117,10.219.103.177,60622,3306,TCP,0.362693,9,4088,386,3702,454.22,24.81,2,64,-1.615,normal,
10.144.165.105,192.168.164.29,7332,80,TCP,2.968621,10,4650,2495,2155,465.0,3.37,3,64,6.479,attack,sql_injection
172.16.50.13,192.168.7.249,7136,21,TCP,0.087658,11,2879,1302,1577,261.73,125.49,3,128,0.304,normal,
172.16.215.202,172.16.190.67,39399,443,TCP,0.449275,10,6530,1927,4603,653.0,22.26,5,255,0.304,normal,
192.168.138.160,192.168.70.108,55461,34551,TCP,0.109339,18,10241,3862,6379,568.94,164.63,0,64,2.443,normal,
192.168.138.158,192.168.247.120,29569,3306,TCP,0.350003,13,7837,3596,4241,602.85,37.14,1,64,1.669,normal,
192.168.243.147,10.243.153.21,26897,80,TCP,0.248675,16,10083,91,9992,630.19,64.34,4,255,1.931,normal,
10.247.53.76,172.16.43.30,55505,8080,TCP,0.391563,16,11474,3600,7874,717.12,40.86,3,64,2.42,normal,
172.16.194.32,192.168.129.122,47021,80,TCP,0.330031,15,12612,1946,10666,840.8,45.45,5,64,1.263,normal,
192.168.63.73,10.82.139.116,60354,53,TCP,1.013016,13,9003,1969,7034,692.54,12.83,1,128,3.781,normal,
192.168.123.184,10.149.219.1,41316,53,TCP,0.012988,9,8623,6154,2469,958.11,692.93,5,64,3.02,normal,
192.168.139.73,192.168.137.106,13344,22,TCP,0.319587,243,48114,30137,17977,198.0,760.36,20,128,6.19,attack,portscan
10.51.131.165,10.233.151.68,31450,22,UDP,0.794637,7,3771,820,2951,538.71,8.81,2,128,2.444,normal,
172.16.51.19,192.168.109.130,18404,443,UDP,0.830664,11,6755,2769,3986,614.09,13.24,2,128,2.264,normal,
192.168.3.63,192.168.142.159,42222,21,TCP,11.554309,1714,92556,82928,9628,54.0,148.34,14,64,3.401,attack,dos
10.127.9.254,172.16.183.123,36709,23570,TCP,0.609635,10,2006,693,1313,200.6,16.4,3,128,1.808,normal,
192.168.183.218,10.203.111.248,29181,3306,TCP,1.060785,8,1513,408,1105,189.12,7.54,2,128,3.215,normal,
10.183.4.125,10.99.196.247,37827,53,TCP,0.347198,4,713,80,633,178.25,11.52,3,255,1.055,normal,
172.16.113.86,10.39.58.136,34444,8080,TCP,0.045984,9,824,253,571,91.56,195.72,5,64,3.483,normal,
10.217.112.46,192.168.237.13,37554,443,TCP,0.750621,11,4834,1137,3697,439.45,14.65,3,255,0.759,normal,
10.222.141.108,172.16.247.201,6065,21,TCP,0.589628,10,3112,213,2899,311.2,16.96,3,255,1.625,normal,
192.168.122.63,10.115.119.14,7590,28110,TCP,0.640195,15,1217,231,986,81.13,23.43,1,64,-0.288,normal,
192.168.113.176,192.168.243.233,62671,3306,TCP,0.457274,10,2956,559,2397,295.6,21.87,5,255,4.331,normal,
10.230.238.175,192.168.176.33,58561,37154,TCP,0.239521,9,4321,533,3788,480.11,37.58,1,128,2.076,normal,
10.175.55.174,10.124.89.142,11518,22715,TCP,0.11359,14,1020,571,449,72.86,123.25,3,255,1.495,normal,
10.181.85.166,192.168.22.145,65485,53,UDP,0.108223,11,3139,1004,2135,285.36,101.64,2,128,5.501,normal,
172.16.227.200,172.16.230.106,11989,22,TCP,98.856688,1405,417285,318915,98370,297.0,14.21,23,64,5.224,attack,bruteforce
172.16.160.106,10.113.74.5,18114,39299,TCP,0.150746,16,11551,1426,10125,721.94,106.14,2,64,2.211,normal,
192.168.192.165,172.16.65.172,47084,63093,TCP,0.449411,7,3829,231,3598,547.0,15.58,5,128,1.93,normal,
172.16.9.59,10.67.108.188,2460,443,TCP,0.042927,11,1592,495,1097,144.73,256.25,5,64,3.694,normal,
192.168.79.237,10.83.90.226,28044,8080,TCP,0.709091,4,2355,903,1452,588.75,5.64,3,255,0.601,normal,
10.154.108.197,10.130.148.84,8887,53,TCP,0.070347,12,9189,1159,8030,765.75,170.58,3,255,-0.037,normal,
10.170.174.102,192.168.14.214,12534,8080,UDP,2.390768,32,63232,21325,41907,1976.0,13.38,0,255,8.0,attack,sql_injection
172.16.190.118,192.168.43.149,7287,53,TCP,0.438262,18,11341,579,10762,630.06,41.07,4,64,3.205,normal,
192.168.245.162,10.69.32.184,51892,3306,TCP,0.159156,10,6546,3034,3512,654.6,62.83,1,64,1.098,normal,
172.16.230.63,172.16.194.87,2904,22,TCP,0.689679,8,3559,111,3448,444.88,11.6,2,128,-1.288,normal,
192.168.217.137,172.16.117.64,31211,21,UDP,0.300046,11,6625,564,6061,602.27,36.66,5,64,1.36,normal,
172.16.133.53,192.168.160.62,18431,3306,TCP,0.07546,11,7419,4471,2948,674.45,145.77,0,64,0.593,normal,
10.48.49.169,172.16.181.109,27965,80,TCP,0.405066,11,6071,1601,4470,551.91,27.16,5,64,0.699,normal,
192.168.1.12,10.125.23.121,24877,22,UDP,1.463631,16,7591,3370,4221,474.44,10.93,0,255,0.012,normal,
172.16.30.157,192.168.50.243,51010,3306,TCP,0.714033,12,1751,186,1565,145.92,16.81,1,64,1.094,normal,
192.168.140.138,172.16.8.129,54315,22,TCP,0.890035,12,6086,2185,3901,507.17,13.48,0,255,-2.055,normal,
172.16.238.121,10.114.73.221,59724,8080,TCP,3.570744,3206,394338,329660,64678,123.0,897.85,13,64,4.663,attack,dos
192.168.113.166,10.237.154.167,27782,80,TCP,0.597705,11,4476,1736,2740,406.91,18.4,3,64,1.307,normal,
10.73.35.136,192.168.4.157,43623,21,TCP,0.321046,17,8571,2732,5839,504.18,52.95,1,128,1.025,normal,
192.168.214.58,172.16.127.107,61045,443,TCP,0.201408,15,7533,2465,5068,502.2,74.48,0,255,2.606,normal,
10.206.61.242,192.168.126.149,39986,53,TCP,0.190573,7,3742,1120,2622,534.57,36.73,4,255,0.787,normal,
172.16.220.209,192.168.69.77,22039,21,TCP,0.234644,7,2149,271,1878,307.0,29.83,1,128,4.094,normal,
10.29.125.23,172.16.59.117,41151,22,TCP,0.050131,10,9199,2746,6453,919.9,199.48,5,64,-0.35,normal,
10.98.128.210,172.16.6.32,64895,53,TCP,0.252987,236,24308,18688,5620,103.0,932.85,2,64,6.103,attack,portscan
172.16.186.42,172.16.181.54,44944,443,TCP,0.109067,4,817,228,589,204.25,36.67,1,255,0.679,normal,
192.168.185.23,172.16.54.63,29576,443,TCP,2.158591,7,2935,1159,1776,419.29,3.24,2,255,2.313,normal,
172.16.120.70,172.16.163.229,36423,21,TCP,0.164921,11,3652,444,3208,332.0,66.7,1,255,-0.715,normal,
10.142.248.55,192.168.67.186,62333,58851,TCP,0.518062,10,4223,435,3788,422.3,19.3,3,128,0.154,normal,
192.168.76.42,10.91.26.108,21213,317,TCP,58.314404,190,53200,43292,9908,280.0,3.26,12,64,4.247,attack,malware
192.168.128.38,10.151.104.193,36490,3141,TCP,0.23377,8,5915,1554,4361,739.38,34.22,5,255,1.752,normal,
172.16.176.155,172.16.22.187,31132,53,TCP,1.486844,9,3416,2045,1371,379.56,6.05,2,255,1.992,normal,
172.16.229.143,192.168.208.27,2745,443,TCP,0.643628,7,3581,574,3007,511.57,10.88,2,128,1.688,normal,
192.168.128.178,172.16.193.145,32719,8080,UDP,1.333306,31,46345,15310,31035,1495.0,23.25,9,64,6.489,attack,sql_injection
192.168.188.122,192.168.176.109,49909,37094,TCP,0.778355,11,10723,5873,4850,974.82,14.13,2,64,1.714,normal,
172.16.214.117,172.16.80.95,21447,51934,TCP,0.159593,18,13717,5121,8596,762.06,112.79,0,64,-0.288,normal,
172.16.96.39,192.168.123.231,4744,53607,TCP,0.375047,14,8569,1458,7111,612.07,37.33,2,255,0.412,normal,
10.111.57.61,192.168.222.84,2011,283,TCP,1.007145,2491,104622,103643,979,42.0,2473.33,84,128,6.895,attack,dos
10.57.38.242,192.168.76.140,3385,25220,TCP,0.157926,10,6009,2607,3402,600.9,63.32,1,64,1.523,normal,
10.92.205.130,172.16.80.137,40340,8080,TCP,2.014599,22,40260,11508,28752,1830.0,10.92,10,128,4.33,attack,sql_injection
10.235.171.119,172.16.28.214,35173,8080,TCP,14.727001,653,60729,53029,7700,93.0,44.34,52,128,5.607,attack,dos
10.224.154.157,192.168.4.171,54573,443,UDP,0.235468,6,2952,426,2526,492.0,25.48,1,128,-0.419,normal,
10.161.205.69,10.108.161.55,43978,33741,TCP,0.488151,9,2508,190,2318,278.67,18.44,1,64,2.445,normal,
10.105.70.149,192.168.103.221,10075,706,UDP,2.105855,230,17710,12894,4816,77.0,109.22,19,64,7.802,attack,portscan
172.16.115.207,172.16.13.156,61912,3306,TCP,0.436341,9,4814,764,4050,534.89,20.63,2,255,4.348,normal,
172.16.158.171,172.16.167.104,46716,21,TCP,0.748977,15,9976,3852,6124,665.07,20.03,3,255,3.396,normal,
172.16.107.197,192.168.213.159,42900,33663,TCP,0.029962,8,6385,1739,4646,798.12,267.01,2,128,2.024,normal,
172.16.187.9,10.247.188.29,39052,443,TCP,1.241817,279,30969,19586,11383,111.0,224.67,3,64,6.784,attack,portscan
10.52.74.66,10.88.78.195,50775,43983,TCP,0.111666,7,4372,1646,2726,624.57,62.69,4,255,2.089,normal,
192.168.117.129,192.168.181.19,27046,53,TCP,0.338238,5,2183,1025,1158,436.6,14.78,0,128,1.322,normal,
172.16.226.168,172.16.245.55,14266,36320,TCP,0.715627,10,5029,1354,3675,502.9,13.97,1,64,0.774,normal,
192.168.200.204,192.168.151.246,42576,8080,UDP,0.223514,13,8821,4988,3833,678.54,58.16,0,255,-0.739,normal,
192.168.98.45,192.168.207.212,29053,53,TCP,0.424167,12,8612,1233,7379,717.67,28.29,1,64,1.208,normal,
172.16.164.27,10.167.151.79,30247,22,TCP,0.09197,8,2019,572,1447,252.38,86.98,2,128,1.164,normal,
172.16.36.192,192.168.78.7,31119,443,TCP,1.022765,6,588,96,492,98.0,5.87,1,128,-1.555,normal,
10.75.28.43,172.16.92.133,63823,64544,TCP,0.145385,9,4464,1951,2513,496.0,61.9,5,255,-0.049,normal,
172.16.121.78,10.113.211.77,19056,63186,UDP,0.101808,7,2934,432,2502,419.14,68.76,1,255,2.782,normal,
172.16.115.156,10.232.206.148,1328,180,TCP,1.089501,47,7896,4320,3576,168.0,43.14,4,128,7.211,attack,portscan
10.127.182.102,192.168.25.174,20608,80,UDP,0.005742,10,6780,1388,5392,678.0,1741.6,3,255,2.06,normal,
192.168.60.48,172.16.74.187,2956,53,UDP,4.022786,165,25245,19509,5736,153.0,41.02,9,64,6.424,attack,portscan
172.16.158.132,172.16.242.65,3423,3306,TCP,0.418869,11,6203,1090,5113,563.91,26.26,0,255,3.809,normal,
172.16.4.30,192.168.177.115,16775,41243,TCP,0.133164,21,12563,3299,9264,598.24,157.7,0,255,1.841,normal,
10.38.80.1,172.16.230.177,39940,21,TCP,0.099978,7,2817,462,2355,402.43,70.02,2,255,3.552,normal,
192.168.124.254,192.168.115.77,45853,80,TCP,0.606395,8,6799,2095,4704,849.88,13.19,3,128,2.185,normal,
172.16.157.204,192.168.13.153,32126,43988,TCP,0.689308,14,12037,3453,8584,859.79,20.31,5,64,0.433,normal,
10.248.92.205,192.168.16.88,65516,149,UDP,0.52377,11,19965,6947,13018,1815.0,21.0,6,128,3.766,attack,sql_injection
10.211.72.42,10.113.129.50,8535,53430,UDP,0.40618,14,4333,580,3753,309.5,34.47,4,128,1.406,normal,
172.16.82.26,10.205.173.206,37106,80,TCP,80.175615,1352,60840,41530,19310,45.0,16.86,27,64,7.266,attack,bruteforce
172.16.66.61,172.16.133.218,21668,8080,TCP,0.360624,11,7880,3071,4809,716.36,30.5,2,64,2.747,normal,
172.16.173.90,10.92.73.145,44103,80,TCP,0.574893,10,4868,534,4334,486.8,17.39,4,64,3.683,normal,
192.168.66.145,172.16.175.229,45755,443,TCP,0.517583,10,5384,1574,3810,538.4,19.32,3,64,1.756,normal,
10.180.222.71,192.168.29.20,45010,27645,TCP,0.451288,7,1582,320,1262,226.0,15.51,5,64,2.454,normal,
10.115.203.248,192.168.187.24,52842,1936,TCP,0.158827,12,2833,568,2265,236.08,75.55,2,255,2.916,normal,
172.16.203.184,192.168.245.135,27945,54982,TCP,0.182299,10,6416,975,5441,641.6,54.85,2,255,2.123,normal,
192.168.228.125,10.151.98.83,34702,22,ICMP,0.253487,9,5352,1506,3846,594.67,35.5,4,255,2.105,normal,
172.16.107.179,10.29.55.147,48847,443,TCP,1.058435,157,23393,16478,6915,149.0,148.33,11,128,7.807,attack,portscan
192.168.46.112,10.51.227.43,46506,80,TCP,0.114697,9,5087,881,4206,565.22,78.47,0,128,0.776,normal,
172.16.72.148,192.168.137.161,28170,443,TCP,0.05567,14,6609,3834,2775,472.07,251.48,5,128,2.025,normal,
172.16.173.143,172.16.73.51,40507,80,TCP,0.036961,13,6980,1593,5387,536.92,351.72,1,255,1.323,normal,
172.16.68.226,172.16.187.196,27451,80,TCP,0.019592,16,6438,2261,4177,402.38,816.66,1,128,1.039,normal,
172.16.189.24,192.168.97.14,18617,40671,TCP,0.622422,14,5586,1190,4396,399.0,22.49,0,64,3.145,normal,
10.5.50.67,10.113.228.96,26657,45559,TCP,2.545521,15,13382,6558,6824,892.13,5.89,1,128,1.841,normal,
10.236.211.14,10.185.255.161,29993,3306,TCP,0.614199,7,1621,1067,554,231.57,11.4,2,128,1.811,normal,
10.44.218.101,10.228.182.80,22803,203,TCP,18.835337,4314,798090,590218,207872,185.0,229.04,99,128,5.46,attack,dos
192.168.114.191,192.168.199.61,34507,3306,TCP,0.100311,11,4005,2085,1920,364.09,109.66,0,128,2.338,normal,
192.168.184.65,10.190.84.14,26998,21,TCP,0.004987,11,7817,1065,6752,710.64,2205.87,0,255,2.029,normal,
172.16.165.222,192.168.161.39,29844,3306,TCP,0.61732,15,5559,673,4886,370.6,24.3,4,64,2.172,normal,
10.81.33.80,192.168.206.35,52175,58651,TCP,0.138207,8,2387,468,1919,298.38,57.88,1,64,0.638,normal,
172.16.22.68,172.16.238.68,15851,80,TCP,0.268735,10,9176,2962,6214,917.6,37.21,5,255,3.523,normal,
10.126.141.166,10.127.145.200,62711,3306,TCP,0.560629,8,3625,1094,2531,453.12,14.27,4,255,2.93,normal,
172.16.176.236,192.168.67.252,47580,22,TCP,0.125025,10,4870,657,4213,487.0,79.98,5,255,2.286,normal,
10.211.247.46,172.16.247.65,21120,53,TCP,0.066392,11,5282,1319,3963,480.18,165.68,5,64,1.115,normal,
10.209.255.36,192.168.155.62,17583,53,TCP,1.151709,9,6611,3400,3211,734.56,7.81,0,128,-0.229,normal,
172.16.153.216,192.168.160.183,49312,21,TCP,0.216022,10,7651,1183,6468,765.1,46.29,4,255,3.851,normal,
192.168.160.153,172.16.200.151,8510,23825,TCP,0.118308,19,7464,2397,5067,392.84,160.6,5,255,2.774,normal,
172.16.241.168,10.187.200.58,59445,3306,TCP,0.001,9,4954,1506,3448,550.44,9000.0,4,255,0.643,normal,
10.231.157.119,172.16.61.24,11353,20961,TCP,1.469588,11,6499,1352,5147,590.82,7.49,2,64,1.893,normal,
192.168.100.94,172.16.35.243,44555,8080,TCP,0.664147,14,8544,1402,7142,610.29,21.08,0,255,2.176,normal,
192.168.218.143,172.16.24.249,23595,53,TCP,0.270437,12,6013,1007,5006,501.08,44.37,2,255,3.781,normal,
10.182.34.89,10.53.170.35,3929,22,TCP,0.332641,8,3550,1723,1827,443.75,24.05,5,128,4.272,normal,
192.168.206.24,172.16.113.227,15006,8080,TCP,0.70793,16,5310,849,4461,331.88,22.6,4,255,4.483,normal,
10.210.30.71,192.168.64.180,57783,8080,TCP,0.500804,13,7857,1133,6724,604.38,25.96,5,128,2.296,normal,
172.16.8.133,10.154.3.77,15565,80,TCP,8.367316,2760,499560,426315,73245,181.0,329.85,83,64,6.166,attack,dos
192.168.103.207,10.174.90.236,53611,80,TCP,1.886282,6,1962,497,1465,327.0,3.18,4,255,3.239,normal,
192.168.123.177,172.16.251.115,52989,21,TCP,0.138846,9,3336,360,2976,370.67,64.82,1,128,3.366,normal,
10.25.41.70,172.16.217.125,40809,21,TCP,2.066885,10,3616,767,2849,361.6,4.84,0,128,3.426,normal,
192.168.97.159,172.16.70.161,7391,80,TCP,0.219774,13,4031,2492,1539,310.08,59.15,3,64,2.269,normal,
192.168.197.49,10.127.91.143,50123,443,TCP,3.508279,1230,499380,301972,197408,406.0,350.6,23,128,6.153,attack,bruteforce
192.168.125.42,172.16.194.70,61670,21,TCP,0.075949,14,8629,4326,4303,616.36,184.33,0,64,1.536,normal,
192.168.188.194,192.168.100.199,48531,64219,TCP,0.89467,11,6102,711,5391,554.73,12.3,5,64,3.828,normal,
172.16.105.168,192.168.233.244,23362,21,TCP,0.318346,14,7027,490,6537,501.93,43.98,2,255,3.703,normal,
172.16.139.214,172.16.244.205,28663,22,TCP,3.861765,14,3077,554,2523,219.79,3.63,5,255,2.212,normal,
10.207.152.117,10.30.80.113,28262,8080,TCP,2.85644,14,4959,2979,1980,354.21,4.9,2,255,-0.05,normal,
192.168.148.229,172.16.80.183,47525,22,TCP,0.082683,11,2404,1322,1082,218.55,133.04,4,64,2.2,normal,
192.168.80.105,192.168.243.123,43657,3306,TCP,0.790419,6,4515,2775,1740,752.5,7.59,5,64,4.792,normal,
172.16.197.34,10.8.103.134,57358,53,TCP,0.237278,5,2577,254,2323,515.4,21.07,4,64,-1.097,normal,
192.168.60.164,172.16.188.158,15497,15384,TCP,0.035725,4,2097,417,1680,524.25,111.96,5,255,3.37,normal,
192.168.4.18,172.16.138.170,56866,443,TCP,4.570682,3666,362934,360733,2201,99.0,802.07,75,64,3.709,attack,dos
192.168.58.175,192.168.136.197,43030,53,TCP,0.17107,14,7719,2327,5392,551.36,81.84,0,255,3.453,normal,
192.168.55.45,192.168.41.216,19414,55185,TCP,0.346852,5,4451,178,4273,890.2,14.42,5,255,2.662,normal,
10.164.75.17,10.140.166.98,40174,20350,TCP,0.150386,13,5154,4174,980,396.46,86.44,0,255,0.695,normal,
192.168.73.105,192.168.79.20,31792,8080,TCP,0.262745,13,8376,906,7470,644.31,49.48,3,255,1.804,normal,
192.168.89.158,192.168.154.104,36933,3306,TCP,0.192868,16,7132,1206,5926,445.75,82.96,4,255,2.893,normal,
192.168.105.69,192.168.209.132,2338,80,TCP,0.407473,16,9572,2720,6852,598.25,39.27,1,255,3.135,normal,
192.168.153.152,172.16.250.182,37915,80,TCP,0.477273,14,6297,1114,5183,449.79,29.33,5,64,4.183,normal,
10.212.211.12,172.16.179.144,53848,21,TCP,157.436297,571,62239,23941,38298,109.0,3.63,17,128,6.922,attack,bruteforce
192.168.135.170,172.16.152.61,7309,26773,TCP,0.909797,10,6693,2978,3715,669.3,10.99,1,64,1.374,normal,
172.16.158.199,172.16.73.197,58158,842,TCP,10.322786,1587,146004,133939,12065,92.0,153.74,68,128,3.789,attack,dos
172.16.29.144,172.16.213.143,35757,3306,TCP,0.188694,11,6271,266,6005,570.09,58.3,5,64,0.501,normal,
172.16.1.110,10.150.245.52,7380,3306,ICMP,0.090332,13,5732,1092,4640,440.92,143.91,3,64,2.159,normal,
192.168.172.108,192.168.207.218,60469,8080,TCP,1.331083,22,31614,7766,23848,1437.0,16.53,4,255,6.352,attack,sql_injection
10.73.224.9,10.34.120.200,43305,26114,TCP,0.431834,9,3538,946,2592,393.11,20.84,1,255,2.051,normal,
192.168.93.160,192.168.135.43,48484,45954,TCP,0.252039,14,3710,1417,2293,265.0,55.55,0,64,2.642,normal,
172.16.189.96,172.16.39.147,10047,8080,TCP,0.035003,14,4844,1977,2867,346.0,399.96,1,64,0.241,normal,
10.147.7.88,192.168.56.79,30519,21,TCP,119.105497,221,100997,51958,49039,457.0,1.86,48,128,6.754,attack,malware
10.56.186.246,10.191.202.151,7645,22,ICMP,0.284937,13,11048,4257,6791,849.85,45.62,5,128,0.54,normal,
192.168.81.94,172.16.144.100,27813,45516,TCP,0.212274,12,9777,1339,8438,814.75,56.53,5,255,-0.449,normal,
10.33.107.172,192.168.109.222,45942,21,TCP,0.892979,14,8779,1686,7093,627.07,15.68,5,255,0.655,normal,
10.212.50.214,172.16.208.241,63382,8080,TCP,1.085681,12,7712,2484,5228,642.67,11.05,3,64,4.114,normal,
192.168.254.95,192.168.136.206,6438,53,TCP,0.75826,9,3252,2051,1201,361.33,11.87,1,255,5.334,normal,
192.168.253.141,192.168.57.147,8508,8080,TCP,0.521803,7,827,297,530,118.14,13.42,0,255,2.284,normal,
10.116.5.163,192.168.195.14,20998,43,TCP,12.087398,339,362052,232836,129216,1068.0,28.05,9,64,5.151,attack,malware
172.16.50.252,192.168.188.140,60117,80,TCP,0.493766,14,11422,2403,9019,815.86,28.35,1,64,0.793,normal,
172.16.175.20,192.168.91.122,21593,916,TCP,16.015689,2057,343519,316426,27093,167.0,128.44,40,64,7.904,attack,dos
10.31.230.27,172.16.43.130,43368,12332,ICMP,2.804316,8,5205,2160,3045,650.62,2.85,4,255,1.275,normal,
10.133.184.178,10.31.60.120,21130,27593,UDP,0.287105,13,11107,4972,6135,854.38,45.28,5,128,2.53,normal,
172.16.157.67,172.16.254.120,7486,53637,TCP,0.359391,9,6322,2045,4277,702.44,25.04,2,64,2.952,normal,
192.168.188.117,172.16.167.149,1186,443,TCP,0.117155,10,7470,1293,6177,747.0,85.36,3,255,0.292,normal,
172.16.76.38,192.168.51.237,7946,3306,UDP,0.235377,14,7591,1201,6390,542.21,59.48,2,128,1.72,normal,
172.16.203.121,172.16.135.24,43089,8080,UDP,0.467931,8,1556,173,1383,194.5,17.1,2,64,3.532,normal,
172.16.90.178,192.168.88.188,54451,26413,TCP,0.094688,12,6185,1342,4843,515.42,126.73,2,255,2.194,normal,
192.168.89.97,192.168.193.94,39538,443,TCP,0.379507,12,6659,1113,5546,554.92,31.62,3,64,0.27,normal,
192.168.220.134,172.16.189.224,3870,21,UDP,0.082103,11,5788,166,5622,526.18,133.98,3,128,0.323,normal,
10.162.183.234,192.168.14.181,46935,38225,TCP,1.466226,6,2742,600,2142,457.0,4.09,1,128,3.754,normal,
192.168.72.235,172.16.158.248,44019,22,TCP,0.099032,8,4417,285,4132,552.12,80.78,0,128,-1.352,normal,
192.168.75.31,172.16.88.243,65535,21,TCP,0.411262,12,4164,735,3429,347.0,29.18,3,64,1.92,normal,
172.16.149.189,192.168.251.248,38764,53,TCP,0.037207,10,6929,2220,4709,692.9,268.77,3,128,1.307,normal,
172.16.52.25,10.242.27.7,51547,443,TCP,7.79547,1772,108092,96899,11193,61.0,227.31,59,128,5.178,attack,dos
10.149.211.100,10.124.86.176,25975,3306,TCP,0.332766,12,6383,567,5816,531.92,36.06,1,64,3.931,normal,
10.84.224.12,172.16.186.174,48182,30135,TCP,1.013505,8,3885,1046,2839,485.62,7.89,5,128,0.448,normal,
10.90.233.162,192.168.222.135,42953,8080,TCP,2.421638,126,7812,4850,2962,62.0,52.03,12,128,2.252,attack,portscan
192.168.89.97,172.16.150.33,12670,63203,TCP,0.466632,13,7799,3988,3811,599.92,27.86,4,64,2.31,normal,
172.16.222.199,192.168.66.196,9862,493,TCP,10.983885,2106,385398,340999,44399,183.0,191.74,77,64,7.56,attack,dos
192.168.37.75,192.168.34.65,7459,13961,UDP,0.067312,15,10204,4425,5779,680.27,222.84,2,64,4.673,normal,
192.168.45.211,192.168.171.115,1770,443,TCP,0.229788,14,3251,1886,1365,232.21,60.93,0,255,-1.053,normal,
172.16.59.195,172.16.245.150,38421,53,TCP,0.379187,10,5898,1665,4233,589.8,26.37,4,128,1.798,normal,
172.16.87.228,172.16.82.188,5939,443,TCP,0.185392,8,568,169,399,71.0,43.15,4,128,2.821,normal,
172.16.50.109,10.130.244.197,16261,3306,TCP,0.662817,8,3426,1539,1887,428.25,12.07,4,128,3.659,normal,
10.66.247.236,172.16.57.228,27977,3306,TCP,0.087581,8,3650,585,3065,456.25,91.34,0,255,1.376,normal,
172.16.56.73,192.168.249.135,44745,53,ICMP,0.320477,20,8628,2355,6273,431.4,62.41,0,64,2.964,normal,
10.4.152.146,192.168.54.238,65445,19673,TCP,0.777037,11,7601,2130,5471,691.0,14.16,1,255,2.72,normal,
10.202.169.177,10.25.243.236,18625,8080,TCP,0.3975,12,7604,2400,5204,633.67,30.19,2,128,3.611,normal,
172.16.187.117,10.194.94.227,2250,373,TCP,7.22698,1018,180186,170404,9782,177.0,140.86,34,128,6.179,attack,dos
192.168.64.35,10.36.8.37,48297,53,ICMP,11.485247,1612,98332,72880,25452,61.0,140.35,63,128,5.142,attack,dos
172.16.211.62,192.168.124.141,11445,443,TCP,2.757153,230,34730,23741,10989,151.0,83.42,11,64,6.869,attack,portscan
10.191.96.106,192.168.223.102,17401,53,TCP,303.91235,501,154809,38319,116490,309.0,1.65,21,64,6.284,attack,bruteforce
192.168.52.205,192.168.95.94,22387,3306,TCP,1.304437,13,4490,1024,3466,345.38,9.97,3,255,1.203,normal,
10.127.16.117,10.184.101.71,25164,53,TCP,0.862511,9,7234,2046,5188,803.78,10.43,0,255,0.774,normal,
192.168.147.19,172.16.230.196,37059,41868,TCP,0.365329,7,3735,2019,1716,533.57,19.16,0,128,1.452,normal,
10.154.62.13,10.214.234.17,8289,33780,TCP,0.038007,12,4557,342,4215,379.75,315.74,5,255,-1.749,normal,
172.16.209.39,172.16.192.48,50465,21,TCP,0.63533,16,16286,1953,14333,1017.88,25.18,5,64,4.712,normal,
192.168.34.4,172.16.110.11,61486,53,TCP,0.025636,8,2853,711,2142,356.62,312.07,5,255,2.029,normal,
10.95.221.102,10.101.230.152,29175,21,TCP,0.426105,18,13196,2496,10700,733.11,42.24,5,64,-2.411,normal,
192.168.219.147,172.16.213.75,8572,8080,TCP,0.458171,9,137,37,100,15.22,19.64,4,128,1.605,normal,
172.16.37.80,172.16.231.10,4752,443,TCP,0.849949,10,6900,3434,3466,690.0,11.77,0,255,1.023,normal,
10.61.201.56,172.16.97.184,23170,80,UDP,0.210765,13,6774,3082,3692,521.08,61.68,5,255,2.7,normal,
10.102.92.175,192.168.13.244,48682,21,TCP,0.332367,19,5327,1231,4096,280.37,57.17,2,255,4.398,normal,
10.253.224.3,10.146.99.9,52401,21,TCP,7.020566,695,78535,27941,50594,113.0,98.99,41,64,8.0,attack,malware
172.16.96.2,192.168.3.148,35269,53,TCP,0.388568,16,6195,1144,5051,387.19,41.18,5,128,0.866,normal,
192.168.185.5,172.16.158.47,63359,15061,TCP,0.134627,5,2977,729,2248,595.4,37.14,1,64,-0.088,normal,
192.168.158.45,172.16.19.24,4705,80,TCP,0.007757,12,7372,2139,5233,614.33,1546.93,0,128,2.631,normal,
10.137.241.246,192.168.175.94,13076,53,TCP,2.710158,200,26600,22002,4598,133.0,73.8,9,128,3.984,attack,portscan
172.16.159.91,10.108.79.169,32624,8080,TCP,0.715704,9,4894,1240,3654,543.78,12.58,2,64,1.456,normal,
192.168.36.148,10.132.208.100,30588,8080,TCP,0.424311,7,2371,253,2118,338.71,16.5,5,64,2.237,normal,
172.16.140.54,10.81.250.202,51065,9504,TCP,0.036842,8,2805,177,2628,350.62,217.14,3,128,-0.553,normal,
172.16.13.107,10.202.191.61,26331,80,TCP,0.537768,10,5605,2497,3108,560.5,18.6,0,255,2.847,normal,
172.16.70.23,192.168.195.134,63978,21,TCP,3.657043,88,13112,11607,1505,149.0,24.06,20,128,7.617,attack,portscan
172.16.126.216,192.168.141.197,51989,21,TCP,0.038331,11,4549,2012,2537,413.55,286.98,0,255,2.275,normal,
10.92.69.101,172.16.165.116,2656,21,UDP,238.204579,234,69264,27320,41944,296.0,0.98,21,64,4.757,attack,bruteforce
10.127.60.143,172.16.115.199,35271,25952,TCP,0.435227,7,2587,858,1729,369.57,16.08,4,128,3.14,normal,
10.123.136.137,192.168.28.196,63139,53,TCP,0.155579,8,5310,2239,3071,663.75,51.42,1,64,-0.305,normal,
192.168.123.128,192.168.73.60,31245,3306,TCP,0.075477,15,7842,1134,6708,522.8,198.74,3,128,3.008,normal,
192.168.219.43,192.168.71.201,14565,80,TCP,0.613751,13,5790,1079,4711,445.38,21.18,4,128,3.312,normal,
10.228.185.20,192.168.57.16,55338,21,TCP,0.264746,19,5202,463,4739,273.79,71.77,1,64,3.191,normal,
10.203.186.129,10.122.84.194,34718,22,TCP,0.546896,11,8080,1131,6949,734.55,20.11,4,255,1.434,normal,
172.16.176.250,172.16.66.195,25307,8080,TCP,0.229243,10,4550,1459,3091,455.0,43.62,0,128,1.413,normal,
10.78.191.196,10.0.165.126,2300,3306,TCP,0.06384,9,2802,2021,781,311.33,140.98,1,255,1.96,normal,
192.168.160.112,192.168.59.99,59973,80,TCP,0.192079,15,5731,1721,4010,382.07,78.09,0,255,4.179,normal,
10.216.141.12,10.170.66.164,65236,18191,TCP,0.026533,11,8499,5633,2866,772.64,414.59,3,255,2.28,normal,
10.225.160.108,10.211.104.106,33911,51812,UDP,0.937074,16,8850,1158,7692,553.12,17.07,5,255,2.994,normal,
172.16.139.32,172.16.223.228,27239,53,TCP,1.077973,8,4614,199,4415,576.75,7.42,1,128,0.134,normal,
172.16.185.28,10.218.129.67,57055,8080,TCP,1.403123,14,7483,4742,2741,534.5,9.98,5,128,2.293,normal,
172.16.177.170,192.168.197.39,56010,59486,TCP,0.244958,5,2613,476,2137,522.6,20.41,5,64,1.708,normal,
192.168.100.118,10.69.155.2,63206,56179,TCP,0.974425,16,10539,312,10227,658.69,16.42,2,128,3.169,normal,
10.120.69.100,172.16.189.172,63242,46668,TCP,0.064239,9,4163,1060,3103,462.56,140.1,5,255,3.565,normal,
10.26.179.58,192.168.35.200,63760,80,UDP,0.411557,15,9436,4920,4516,629.07,36.45,1,64,1.487,normal,
172.16.111.254,172.16.52.189,55423,3306,UDP,0.138491,14,3764,1036,2728,268.86,101.09,0,128,-0.654,normal,
172.16.199.158,192.168.228.51,14502,3306,TCP,2.988757,165,24915,18907,6008,151.0,55.21,12,64,6.277,attack,portscan
192.168.78.145,192.168.186.207,21755,80,TCP,0.070191,12,5313,2329,2984,442.75,170.96,1,255,0.394,normal,
10.118.19.234,10.213.90.240,61293,3405,TCP,0.462524,9,7895,1178,6717,877.22,19.46,5,128,3.045,normal,
172.16.212.227,192.168.99.184,46660,21,TCP,0.862593,13,2734,309,2425,210.31,15.07,5,64,4.04,normal,
172.16.128.50,10.12.47.15,62529,21,UDP,11.335354,1497,104790,76068,28722,70.0,132.06,87,64,7.499,attack,dos
172.16.5.1,192.168.69.89,19817,481,UDP,7.717404,4408,511328,359330,151998,116.0,571.18,65,128,5.703,attack,dos
10.38.24.196,10.211.70.216,42357,22,TCP,0.389024,6,2225,642,1583,370.83,15.42,4,128,0.419,normal,
10.13.163.153,10.15.143.15,54019,24448,ICMP,0.534657,5,2416,413,2003,483.2,9.35,1,64,4.011,normal,
192.168.226.221,10.44.51.36,50336,53,TCP,0.108974,7,4050,1705,2345,578.57,64.24,3,128,3.71,normal,
10.117.51.185,172.16.120.143,29349,22,TCP,12.550451,1725,277725,261533,16192,161.0,137.45,32,128,6.758,attack,dos
192.168.185.148,10.35.23.170,15959,21,UDP,0.149729,13,13723,5029,8694,1055.62,86.82,3,128,2.257,normal,
10.200.151.166,10.122.253.99,8412,42841,TCP,0.079676,10,5075,985,4090,507.5,125.51,0,128,2.01,normal,
192.168.72.178,192.168.9.97,39231,80,TCP,4.154808,40,4480,2241,2239,112.0,9.63,20,128,5.478,attack,portscan
10.56.13.34,10.183.121.151,22242,80,TCP,0.124542,8,3206,471,2735,400.75,64.24,3,255,1.144,normal,
192.168.245.150,172.16.214.140,3433,64490,TCP,0.389797,7,5701,3042,2659,814.43,17.96,0,64,1.186,normal,
10.190.45.64,10.255.46.176,41567,80,TCP,567.636563,1370,269890,167546,102344,197.0,2.41,26,64,5.268,attack,bruteforce
10.91.161.5,10.73.203.238,6066,21,TCP,0.811225,12,4194,1423,2771,349.5,14.79,3,255,0.671,normal,
10.70.106.144,172.16.244.135,25719,21586,UDP,0.09766,17,12489,3204,9285,734.65,174.07,2,255,2.046,normal,
172.16.46.170,10.10.25.202,22880,52599,TCP,0.175707,8,906,64,842,113.25,45.53,4,64,1.679,normal,
10.24.197.113,192.168.214.249,11925,53,TCP,1.376633,9,3257,1017,2240,361.89,6.54,3,64,4.165,normal,
10.174.203.249,172.16.15.163,18936,21,TCP,0.264682,16,2940,1129,1811,183.75,60.45,3,128,1.078,normal,
10.98.161.31,192.168.94.50,15204,19144,ICMP,0.225557,12,2643,1059,1584,220.25,53.2,4,255,1.061,normal,
10.194.244.2,172.16.152.193,26582,53,TCP,1.005196,4,2943,514,2429,735.75,3.98,5,255,0.354,normal,
192.168.127.69,10.55.195.224,3561,21,TCP,0.095097,10,8086,2593,5493,808.6,105.16,3,128,-0.154,normal,
192.168.26.46,10.23.205.18,58498,3306,TCP,0.591461,14,2019,505,1514,144.21,23.67,4,128,-1.838,normal,
10.2.127.58,192.168.176.80,9473,34010,TCP,0.118182,14,7507,3317,4190,536.21,118.46,0,64,-0.877,normal,
192.168.111.123,10.170.155.245,60595,21,UDP,0.485015,9,6762,2212,4550,751.33,18.56,0,255,0.231,normal,
192.168.226.160,10.225.22.237,54643,8080,TCP,93.999885,750,161250,23464,137786,215.0,7.98,3,64,4.032,attack,malware
10.54.79.70,172.16.107.184,23495,3306,TCP,0.019032,14,7179,683,6496,512.79,735.61,2,64,0.094,normal,
10.77.25.249,192.168.11.48,64746,22,TCP,11.363767,567,56133,40812,15321,99.0,49.9,11,128,4.898,attack,dos
192.168.247.90,172.16.49.113,48340,443,TCP,0.161321,7,3481,1929,1552,497.29,43.39,5,64,3.893,normal,
192.168.104.250,10.167.200.151,42593,443,TCP,0.34547,10,6257,431,5826,625.7,28.95,3,255,1.322,normal,
192.168.249.167,172.16.89.182,64511,59324,TCP,0.111116,15,5404,791,4613,360.27,134.99,1,255,0.926,normal,
10.110.180.13,10.144.253.153,58848,56260,TCP,0.250831,11,4521,517,4004,411.0,43.85,0,64,3.017,normal,
172.16.159.202,172.16.190.119,46698,443,TCP,17.572867,1696,91584,71431,20153,54.0,96.51,60,64,6.82,attack,dos
192.168.184.18,192.168.10.100,58258,53,ICMP,0.633142,18,11071,3871,7200,615.06,28.43,2,255,0.869,normal,
172.16.51.214,10.151.116.93,12783,1951,TCP,0.103246,9,104,41,63,11.56,87.17,0,64,0.639,normal,
192.168.2.232,10.9.131.56,55744,62642,TCP,0.393168,10,5251,416,4835,525.1,25.43,0,128,0.06,normal,
10.151.51.130,192.168.19.170,23094,22,TCP,0.091386,7,4685,1904,2781,669.29,76.6,1,64,2.645,normal,
172.16.107.83,10.98.146.71,35907,443,TCP,5.783957,1790,196900,144591,52309,110.0,309.48,89,64,5.658,attack,dos
192.168.134.192,192.168.219.230,39266,22,TCP,0.063686,13,10388,7112,3276,799.08,204.13,0,64,3.233,normal,
172.16.244.99,10.19.102.188,25475,8080,TCP,0.80047,9,3666,806,2860,407.33,11.24,4,64,1.316,normal,
172.16.6.118,172.16.255.140,53941,6,TCP,251.61533,1255,897325,435585,461740,715.0,4.99,14,128,7.714,attack,bruteforce
172.16.244.30,10.205.251.19,38839,22,TCP,0.733737,8,4447,34,4413,555.88,10.9,4,128,0.644,normal,
10.43.176.207,192.168.211.249,50599,80,TCP,0.499047,11,4969,610,4359,451.73,22.04,4,128,0.506,normal,
10.102.159.103,192.168.191.113,59981,21,TCP,0.557578,14,4754,1938,2816,339.57,25.11,2,64,5.286,normal,
192.168.78.44,192.168.172.216,61574,80,TCP,0.055837,12,6703,2456,4247,558.58,214.91,5,255,1.68,normal,
192.168.171.24,10.158.115.207,14074,21,ICMP,0.291278,16,9964,4388,5576,622.75,54.93,4,64,1.24,normal,
192.168.223.71,172.16.68.174,49060,22753,TCP,0.397197,7,6175,1784,4391,882.14,17.62,2,128,4.433,normal,
192.168.181.238,10.254.254.127,53975,21,TCP,2.823826,109,4360,2001,2359,40.0,38.6,15,64,5.064,attack,portscan
10.141.204.91,192.168.202.104,39433,443,UDP,72.135606,567,352674,235310,117364,622.0,7.86,35,255,5.648,attack,malware
10.194.43.198,192.168.151.205,17175,3306,TCP,0.060794,10,3223,736,2487,322.3,164.49,5,255,2.115,normal,
172.16.254.8,172.16.218.45,24220,3306,TCP,0.202075,13,5564,581,4983,428.0,64.33,1,64,1.208,normal,
10.16.198.169,172.16.131.13,25033,443,TCP,0.721357,116,19140,16540,2600,165.0,160.81,3,128,6.197,attack,portscan
10.162.177.207,172.16.98.6,46194,22,TCP,1.636032,823,134972,123092,11880,164.0,503.05,81,128,7.231,attack,dos
10.168.183.229,172.16.137.225,49066,8080,TCP,0.136001,16,5863,3077,2786,366.44,117.65,3,128,4.909,normal,
10.196.216.48,172.16.88.143,11959,22,TCP,0.26137,5,2606,1238,1368,521.2,19.13,3,255,2.32,normal,
172.16.30.159,192.168.247.169,32996,1457,TCP,0.679716,8,2291,1035,1256,286.38,11.77,0,255,0.899,normal,
10.21.117.55,192.168.243.70,4075,3306,UDP,0.109139,12,1037,466,571,86.42,109.95,4,255,1.536,normal,
192.168.15.111,192.168.84.156,59334,443,TCP,1.225476,18,9309,6621,2688,517.17,14.69,1,128,2.627,normal,
10.103.104.17,10.224.250.177,22316,21,TCP,50.190319,799,99875,56603,43272,125.0,15.92,24,255,2.685,attack,malware
10.0.109.123,10.67.115.133,45587,8080,TCP,0.008546,7,3642,1421,2221,520.29,819.05,3,255,-0.027,normal,
192.168.217.160,10.232.217.142,54768,21,TCP,0.603947,40,4600,1789,2811,115.0,66.23,3,255,4.815,attack,sql_injection
192.168.201.161,172.16.195.104,26030,22,TCP,18.269525,2041,371462,302882,68580,182.0,111.72,56,128,5.342,attack,dos
192.168.222.52,192.168.75.214,40021,443,TCP,0.202954,14,10425,3597,6828,744.64,68.98,4,128,1.723,normal,
10.230.234.169,192.168.68.247,33715,80,TCP,0.055161,12,7215,3061,4154,601.25,217.54,3,255,0.572,normal,
192.168.125.39,10.209.12.60,36514,80,UDP,0.943339,10,7388,1155,6233,738.8,10.6,0,255,0.297,normal,
172.16.124.179,192.168.104.102,60997,3306,TCP,0.579702,5,3687,623,3064,737.4,8.63,4,255,4.064,normal,
192.168.160.49,10.255.239.128,58635,443,UDP,0.058119,11,6774,728,6046,615.82,189.27,4,128,-1.454,normal,
192.168.162.244,172.16.218.213,60455,22,TCP,0.437777,19,12122,2417,9705,638.0,43.4,3,128,3.475,normal,
10.199.162.93,10.46.2.242,21226,3306,TCP,0.219075,17,4792,2166,2626,281.88,77.6,0,64,3.138,normal,
192.168.222.23,10.134.113.95,6269,53,UDP,2.20488,215,42355,30838,11517,197.0,97.51,10,64,4.103,attack,portscan
192.168.215.96,172.16.229.223,61128,443,TCP,0.265315,12,10824,3697,7127,902.0,45.23,5,255,1.031,normal,
192.168.213.155,192.168.45.49,29972,53,TCP,1.099689,12,8571,3280,5291,714.25,10.91,4,128,1.055,normal,
192.168.212.109,192.168.205.22,43002,22,TCP,0.088173,11,7083,614,6469,643.91,124.76,2,64,0.195,normal,
172.16.191.245,10.242.34.24,55535,443,TCP,1.00981,13,10093,4078,6015,776.38,12.87,2,64,0.75,normal,
192.168.58.200,10.159.55.149,2706,53,TCP,0.486545,11,6344,1125,5219,576.73,22.61,5,64,-0.162,normal,
10.246.245.123,10.82.210.6,16993,38608,TCP,0.440418,11,3338,811,2527,303.45,24.98,5,255,4.956,normal,
10.47.111.60,192.168.13.144,14055,43614,TCP,0.101306,9,1395,299,1096,155.0,88.84,3,255,0.886,normal,
10.249.48.153,192.168.153.10,48917,443,TCP,0.952938,23,18676,10083,8593,812.0,24.14,6,128,3.909,attack,sql_injection
192.168.39.190,192.168.249.30,39832,475,TCP,17.941836,4147,352495,279320,73175,85.0,231.14,61,64,2.234,attack,dos
192.168.13.233,172.16.13.22,43147,29113,TCP,1.448086,15,4297,1693,2604,286.47,10.36,2,128,2.803,normal,
192.168.145.114,192.168.64.34,35544,80,TCP,1.117889,3164,509404,427979,81425,161.0,2830.33,79,128,6.429,attack,dos
172.16.77.127,10.64.169.223,7601,443,TCP,0.256049,12,6695,2528,4167,557.92,46.87,3,64,0.833,normal,
192.168.251.118,10.180.86.36,48230,33026,ICMP,0.17281,16,6606,3046,3560,412.88,92.59,0,255,2.509,normal,
192.168.169.241,10.59.133.46,39073,80,TCP,0.24565,12,7648,1906,5742,637.33,48.85,3,128,1.066,normal,
172.16.60.198,10.171.219.70,35355,47706,TCP,0.144509,12,3093,1772,1321,257.75,83.04,3,128,2.049,normal,
10.106.242.100,192.168.159.240,22196,80,TCP,0.499058,291,50343,23211,27132,173.0,583.1,16,128,8.0,attack,portscan
172.16.195.235,10.197.131.139,48470,2643,TCP,0.426599,10,4635,1279,3356,463.5,23.44,2,255,1.944,normal,
192.168.139.213,10.131.246.248,53878,8080,TCP,0.039055,13,4869,2311,2558,374.54,332.86,3,64,2.799,normal,
10.81.53.107,192.168.247.206,38310,12903,TCP,0.477424,16,1182,201,981,73.88,33.51,2,255,3.799,normal,
10.190.231.213,172.16.110.135,20836,80,TCP,5.300527,1258,192474,163949,28525,153.0,237.33,71,64,8.0,attack,dos
192.168.78.62,10.242.58.145,63136,3306,TCP,0.215844,12,8126,1189,6937,677.17,55.6,1,255,2.111,normal,
192.168.9.27,172.16.211.10,37536,443,TCP,1.370425,8,3253,335,2918,406.62,5.84,4,255,-0.474,normal,
192.168.184.15,172.16.85.95,11333,7767,TCP,0.018342,12,7318,5313,2005,609.83,654.24,0,64,0.005,normal,
172.16.178.221,10.224.60.199,54231,54154,TCP,0.071836,12,4026,2051,1975,335.5,167.05,5,255,2.023,normal,
10.43.248.209,10.64.65.169,32172,3306,TCP,0.018792,12,5538,1535,4003,461.5,638.56,4,128,1.989,normal,
10.4.114.65,192.168.156.183,64398,53,UDP,0.976046,7,4357,2264,2093,622.43,7.17,2,128,0.198,normal,
192.168.25.234,192.168.254.214,60278,21,TCP,0.365858,4,1721,616,1105,430.25,10.93,2,64,-0.11,normal,
192.168.207.91,172.16.249.203,32619,40621,UDP,0.071479,12,8729,3865,4864,727.42,167.88,3,64,2.0,normal,
10.103.69.200,192.168.55.40,7948,8080,TCP,0.989132,9,3495,268,3227,388.33,9.1,4,128,3.406,normal,
172.16.242.133,172.16.76.156,59556,22517,TCP,0.05179,9,3715,1884,1831,412.78,173.78,3,255,1.516,normal,
172.16.148.117,192.168.172.112,59218,46032,TCP,0.414378,14,6579,831,5748,469.93,33.79,1,64,1.857,normal,
10.142.129.34,192.168.143.71,57244,443,TCP,1.846986,1738,267652,217047,50605,154.0,940.99,32,128,6.3,attack,dos
192.168.171.203,10.70.19.74,61146,22,TCP,0.258875,9,5139,1477,3662,571.0,34.77,3,128,1.775,normal,
172.16.196.168,172.16.242.10,12309,10451,TCP,0.312033,13,4894,2466,2428,376.46,41.66,5,128,2.898,normal,
172.16.245.119,10.144.178.155,38686,53,TCP,3.132153,64,7872,5337,2535,123.0,20.43,3,128,5.907,attack,portscan
10.13.254.76,172.16.214.104,26469,39233,TCP,1.421008,7,5574,1808,3766,796.29,4.93,2,255,2.606,normal,
192.168.86.83,192.168.149.75,38558,63440,ICMP,1.11222,10,5780,1465,4315,578.0,8.99,5,64,4.973,normal,
10.124.52.179,172.16.61.204,65501,8080,TCP,0.039448,7,1958,673,1285,279.71,177.45,5,128,3.433,normal,
172.16.37.201,192.168.162.135,15439,443,TCP,0.099948,12,7081,386,6695,590.08,120.06,1,128,1.492,normal,
172.16.108.117,172.16.172.195,58672,53,TCP,0.481335,10,5484,2390,3094,548.4,20.78,0,128,2.101,normal,
192.168.240.183,192.168.191.48,56869,22,TCP,0.708537,125,6000,3625,2375,48.0,176.42,1,128,5.451,attack,portscan
192.168.194.230,172.16.176.245,51687,80,TCP,0.1141,11,4569,402,4167,415.36,96.41,5,64,1.799,normal,
172.16.220.83,192.168.45.29,45047,8080,TCP,9.554288,3322,637824,571887,65937,192.0,347.7,49,64,4.654,attack,dos
10.216.176.180,10.30.35.253,62219,53,TCP,0.392125,6,2559,257,2302,426.5,15.3,1,255,1.327,normal,
192.168.181.245,172.16.139.86,18740,3306,TCP,95.939366,405,398520,281824,116696,984.0,4.22,47,64,7.774,attack,malware
172.16.226.30,192.168.105.184,39241,6983,TCP,0.110384,12,2989,732,2257,249.08,108.71,0,128,1.36,normal,
192.168.245.44,192.168.194.38,54872,3093,UDP,0.289378,8,853,265,588,106.62,27.65,0,64,2.456,normal,
172.16.143.226,192.168.141.143,1689,443,TCP,0.018686,8,4045,1721,2324,505.62,428.12,3,128,0.567,normal,
192.168.112.125,10.139.223.125,2926,53,TCP,1.751854,11,5261,1338,3923,478.27,6.28,3,64,2.07,normal,
10.193.206.210,10.40.235.114,53535,38578,TCP,0.162494,13,7886,1522,6364,606.62,80.0,0,128,3.495,normal,
172.16.43.173,10.160.60.62,21037,22,TCP,0.077071,12,6843,3606,3237,570.25,155.7,3,255,1.964,normal,
10.244.36.59,172.16.45.188,53843,8080,UDP,0.938857,11,4629,1135,3494,420.82,11.72,1,128,-0.465,normal,
192.168.249.40,10.151.111.248,4856,80,TCP,0.498667,14,6258,4634,1624,447.0,28.07,0,64,3.466,normal,
192.168.46.73,10.197.25.42,56980,21,UDP,0.046269,13,8013,1613,6400,616.38,280.97,5,64,1.501,normal,
172.16.203.227,172.16.146.119,11934,80,TCP,19.930874,1665,263070,249645,13425,158.0,83.54,67,64,6.598,attack,dos
172.16.126.37,10.25.148.243,26199,21,UDP,0.150426,14,6957,500,6457,496.93,93.07,1,128,1.977,normal,
192.168.127.25,172.16.52.206,53047,80,TCP,0.098772,14,4210,1112,3098,300.71,141.74,1,64,0.706,normal,
172.16.228.193,192.168.46.57,29331,22,TCP,108.239951,219,115413,62653,52760,527.0,2.02,2,128,6.931,attack,bruteforce
10.178.60.46,192.168.201.136,9369,80,TCP,0.089986,9,3061,237,2824,340.11,100.02,2,128,1.459,normal,
172.16.232.226,10.20.165.27,47144,3306,TCP,0.398003,10,5060,565,4495,506.0,25.13,2,255,1.953,normal,
172.16.115.42,172.16.37.205,56451,8080,TCP,0.150712,7,4606,1807,2799,658.0,46.45,0,64,2.495,normal,
192.168.161.202,172.16.153.65,37864,53,TCP,2.862322,93,5115,2597,2518,55.0,32.49,9,128,8.0,attack,portscan
192.168.240.219,172.16.84.20,50269,8080,ICMP,1.628449,9,4384,303,4081,487.11,5.53,0,255,2.497,normal,
172.16.67.100,192.168.215.94,36830,45781,UDP,0.160588,14,806,416,390,57.57,87.18,0,64,0.152,normal,
172.16.251.220,192.168.50.249,57968,15963,TCP,0.677889,7,5636,1498,4138,805.14,10.33,2,128,4.55,normal,
172.16.102.32,10.37.231.45,59919,8080,TCP,0.112156,11,3474,1862,1612,315.82,98.08,5,64,1.199,normal,
10.122.158.248,172.16.99.95,45477,63095,TCP,0.190013,11,5806,1419,4387,527.82,57.89,3,255,-2.344,normal,
10.102.71.61,172.16.13.93,37332,25200,TCP,0.761695,13,6103,1062,5041,469.46,17.07,0,64,2.131,normal,
172.16.213.245,192.168.160.248,37208,3306,TCP,0.496884,10,6385,3281,3104,638.5,20.13,3,64,1.552,normal,
192.168.110.209,10.168.75.202,60041,22,ICMP,0.314994,12,6399,3457,2942,533.25,38.1,4,128,2.111,normal,
172.16.154.156,10.144.224.98,26918,54902,TCP,0.264923,8,4826,2656,2170,603.25,30.2,1,64,1.504,normal,
10.196.247.28,10.195.183.148,20414,53,TCP,0.005528,15,12496,5447,7049,833.07,2713.28,4,255,3.21,normal,
192.168.19.134,10.231.233.212,58549,21,TCP,2.602862,212,10600,7195,3405,50.0,81.45,17,64,7.656,attack,portscan
172.16.130.198,192.168.24.153,4167,80,TCP,0.990987,9,5727,944,4783,636.33,9.08,0,128,1.921,normal,
192.168.169.99,192.168.71.203,46198,8080,TCP,0.21173,11,6091,1981,4110,553.73,51.95,3,64,-0.271,normal,
172.16.18.24,172.16.165.95,59844,53,TCP,342.601876,182,61698,29768,31930,339.0,0.53,4,128,3.963,attack,bruteforce
192.168.196.119,192.168.21.116,60599,21,TCP,1.027018,9,3629,928,2701,403.22,8.76,3,255,0.6,normal,
192.168.94.230,10.94.129.76,31626,677,UDP,3.318506,151,22499,16786,5713,149.0,45.5,11,128,6.72,attack,portscan
10.205.30.43,172.16.1.253,26610,18404,TCP,0.524387,12,2712,433,2279,226.0,22.88,5,255,2.512,normal,
10.212.233.145,10.236.157.186,2450,80,TCP,0.144486,15,5874,718,5156,391.6,103.82,4,64,2.265,normal,
192.168.10.196,192.168.137.148,3660,51035,TCP,0.681184,9,4014,620,3394,446.0,13.21,3,128,1.171,normal,
192.168.30.151,192.168.168.172,9034,53,UDP,0.087629,11,7299,479,6820,663.55,125.53,5,64,1.538,normal,
172.16.157.27,10.121.214.126,64016,3306,TCP,0.821739,10,3803,1484,2319,380.3,12.17,1,255,2.784,normal,
172.16.191.180,10.23.84.127,10228,53,TCP,0.1698,11,9267,384,8883,842.45,64.78,4,64,3.367,normal,
10.184.212.211,172.16.29.211,41455,443,TCP,1.152597,6,3252,1887,1365,542.0,5.21,1,64,4.816,attack,sql_injection
172.16.234.165,10.31.245.217,27344,28960,TCP,0.154351,18,10956,4914,6042,608.67,116.62,3,64,0.803,normal,
